<?xml version="1.0" encoding="UTF-8"?>
<!DOCTYPE hibernate-configuration PUBLIC "-//Hibernate/Hibernate Configuration DTD//EN"
                                         "http://hibernate.sourceforge.net/hibernate-configuration-3.0.dtd">
<hibernate-configuration>
	<session-factory>
		<!-- /MYPC:1433/Blog;instance=SQLEXPRESS local connection properties -->
<!-- 		<property name="hibernate.connection.driver_class">net.sourceforge.jtds.jdbc.Driver</property> -->
		<property name="hibernate.connection.driver_class">com.mysql.jdbc.Driver</property>
<!-- 		<property name="dialect">org.hibernate.dialect.SQLServerDialect</property> -->
        <property name="dialect">org.hibernate.dialect.MySQLDialect</property>
		<!--<property name="hibernate.connection.url">jdbc:jtds:sqlserver://streamer2005.softserveinc.com/_055_OMS;instance=tc;</property>-->
		<!--<property name="hibernate.connection.url">jdbc:jtds:sqlserver://CLASS49/_112_OMS;instance=SQLEXPRESS;</property>-->
<!--
		<property name="hibernate.connection.url">jdbc:jtds:sqlserver://ssu-sql12/Lv117proba;instance=tc;</property>
		<property name="hibernate.connection.username">lv-117</property>
		<property name="hibernate.connection.password">lv-117</property>
 -->
<!--
		<property name="hibernate.connection.url">jdbc:jtds:sqlserver://127.0.0.1/Lv207OMS;instance=SQLEXPRESS;</property>
		<property name="hibernate.connection.username">db207</property>
		<property name="hibernate.connection.password">db207</property>
 -->
		<property name="hibernate.connection.url">jdbc:mysql://localhost:3306/omsapp</property>
		<property name="hibernate.connection.username">root</property>
		<property name="hibernate.connection.password">root</property>
 
		<!-- property name="hibernate.hbm2ddl.auto">create</property>  -->
		<property name="hibernate.hbm2ddl.auto">update</property>

		<!-- <property name="show_sql">true</property> <property name="format_sql">true</property> -->
		<mapping class="com.softserveinc.edu.oms.domain.entities.Role" />
		<mapping class="com.softserveinc.edu.oms.domain.entities.Region" />
		<mapping class="com.softserveinc.edu.oms.domain.entities.CustomerType" />
		<mapping class="com.softserveinc.edu.oms.domain.entities.User" />
		<mapping class="com.softserveinc.edu.oms.domain.entities.OrderStatus" />
		<mapping class="com.softserveinc.edu.oms.domain.entities.Order" />
		<mapping class="com.softserveinc.edu.oms.domain.entities.Product" />
		<mapping class="com.softserveinc.edu.oms.domain.entities.Dimension" />
		<mapping class="com.softserveinc.edu.oms.domain.entities.OrderItem" />
		<mapping class="com.softserveinc.edu.oms.domain.entities.CreditCardType" />
	</session-factory>
</hibernate-configuration>
